{"cameraMode":{"drawMode":0,"name":"Shaded","section":"Shading Mode"},"sceneLighting":true,"audioPlay":false,"sceneViewState":{"showFog":true,"showMaterialUpdate":false,"showSkybox":true,"showFlares":true,"showImageEffects":true,"showParticleSystems":true},"in2DMode":false,"pivot":{"x":0.8850595951080322,"y":-0.18006134033203126,"z":1.247175693511963},"rotation":{"x":0.20879711210727693,"y":0.46423134207725527,"z":-0.11360825598239899,"w":0.8532256484031677},"size":1.4860494136810303,"orthographic":false}